{
  "cutoffs": [
    5,
    20,
    100
  ],
  "recall": {
    "5": 0.036178571428571435,
    "20": 0.07867836635328895,
    "100": 0.1461447259740603
  },
  "ndcg": {
    "5": 0.0522174871790259,
    "20": 0.06377368298110767,
    "100": 0.08664344603690859
  },
  "num_queries": 100,
  "max_queries": 100,
  "time (s)": 2578.43,
  "RAM (MB)": 2852.7
}