{
  "cutoffs": [
    5,
    20,
    100
  ],
  "recall": {
    "5": 0.0975,
    "20": 0.11333333333333334,
    "100": 0.11583333333333334
  },
  "ndcg": {
    "5": 0.07947819386491156,
    "20": 0.08754956686756328,
    "100": 0.08819085217832817
  },
  "num_queries": 100,
  "max_queries": 100
}